date,open,high,close,low,volume,price_change,p_change,ma5,ma10,ma20,v_ma5,v_ma10,v_ma20
2018-07-06,4.66,4.74,4.65,4.6,89451.34,-0.01,-0.21,4.72,4.794,5.095,111814.78,119687.92,175150.75
2018-07-05,4.78,4.78,4.66,4.6,86522.4,-0.13,-2.71,4.748,4.828,5.153,124596.71,125203.96,190436.24
2018-07-04,4.78,4.87,4.79,4.74,117791.26,0.01,0.21,4.76,4.853,5.216,142390.95,133677.16,198713.21
2018-07-03,4.73,4.81,4.78,4.56,162477.88,0.06,1.27,4.788,4.884,5.276,135148.5,142242.05,210411.09
2018-07-02,4.8,4.82,4.72,4.69,102831.02,-0.07,-1.46,4.824,4.904,5.335,124629.36,162272.42,226397.01
2018-06-29,4.72,4.84,4.79,4.71,153361.0,0.07,1.48,4.868,4.967,5.405,127561.07,175022.26,252143.68
2018-06-28,4.91,4.94,4.72,4.71,175493.59,-0.21,-4.26,4.908,5.039,5.471,125811.2,183707.78,273981.63
2018-06-27,4.95,5.03,4.93,4.9,81579.0,-0.03,-0.6,4.946,5.13,5.529,124963.37,191139.63,295268.51
2018-06-26,4.88,4.98,4.96,4.81,109882.21,0.02,0.41,4.98,5.216,5.576,149335.6,208570.58,329313.37
2018-06-25,5.04,5.1,4.94,4.91,117489.53,-0.05,-1.0,4.984,5.306,5.617,199915.47,220274.12,345248.44
2018-06-22,4.9,5.05,4.99,4.86,144611.67,0.08,1.63,5.066,5.396,5.659,222483.45,230613.58,374063.1
2018-06-21,5.1,5.16,4.91,4.88,171254.42,-0.19,-3.73,5.17,5.478,5.709,241604.36,255668.53,431364.84
2018-06-20,4.96,5.15,5.1,4.96,203440.16,0.12,2.41,5.314,5.578,5.739,257315.9,263749.27,458690.04
2018-06-19,5.28,5.35,4.98,4.86,362781.56,-0.37,-6.92,5.452,5.667,5.747,267805.57,278580.13,454724.23
2018-06-15,5.53,5.55,5.35,5.26,230329.44,-0.16,-2.9,5.628,5.766,5.759,240632.77,290521.6,442724.75
2018-06-14,5.6,5.65,5.51,5.43,240216.23,-0.12,-2.13,5.726,5.843,5.75,238743.71,329265.11,439797.63
2018-06-13,5.8,5.88,5.63,5.62,249812.12,-0.16,-2.76,5.786,5.902,5.733,269732.7,364255.48,433565.7
2018-06-12,5.83,5.88,5.79,5.75,255888.5,-0.07,-1.2,5.842,5.927,5.715,270182.63,399397.4,432275.97
2018-06-11,5.84,5.99,5.86,5.79,226917.56,0.02,0.34,5.882,5.936,5.684,289354.69,450056.16,423779.43
2018-06-08,5.84,5.89,5.84,5.73,220884.12,0.03,0.52,5.904,5.927,5.649,340410.43,470222.75,416657.99
2018-06-07,5.9,6.0,5.81,5.76,395161.19,-0.1,-1.69,5.96,5.921,5.616,419786.5,517512.62,414955.13
2018-06-06,5.98,6.04,5.91,5.88,252061.77,-0.08,-1.34,6.018,5.94,5.591,458778.27,607061.14,402279.46
2018-06-05,6.05,6.05,5.99,5.87,351748.81,0.02,0.34,6.012,5.899,5.562,528612.16,653630.82,398610.39
2018-06-04,6.2,6.33,5.97,5.97,482196.25,-0.15,-2.45,5.99,5.826,5.528,610757.64,630868.34,390528.72
2018-06-01,6.01,6.27,6.12,5.97,617764.5,0.02,0.33,5.95,5.751,5.491,600035.08,594927.9,376438.66
2018-05-31,5.95,6.15,6.1,5.79,590120.0,0.22,3.74,5.882,5.656,5.443,615238.74,550330.16,352343.01
2018-05-30,5.8,6.05,5.88,5.6,601231.25,0.0,0.0,5.862,5.564,5.398,755344.01,502875.92,331455.55
2018-05-29,5.79,6.18,5.88,5.77,762476.19,0.11,1.91,5.786,5.503,5.369,778649.48,465154.55,309556.48
2018-05-28,5.7,5.94,5.77,5.7,428583.44,-0.01,-0.17,5.662,5.432,5.338,650979.04,397502.7,281570.81
2018-05-25,5.97,5.97,5.78,5.75,693782.81,-0.22,-3.67,5.552,5.371,5.311,589820.73,363093.22,273303.47
2018-05-24,5.51,6.05,6.0,5.5,1290646.38,0.5,9.09,5.43,5.311,5.293,485421.57,312397.63,264208.5
2018-05-23,5.24,5.67,5.5,5.22,717758.56,0.24,4.56,5.266,5.241,5.25,250407.82,197497.77,209539.04
2018-05-22,5.23,5.27,5.26,5.2,124124.0,0.04,0.77,5.22,5.225,5.229,151659.61,143589.97,187259.93
2018-05-21,5.18,5.25,5.22,5.17,122791.88,0.05,0.97,5.202,5.23,5.226,144026.36,150189.11,202102.38
2018-05-18,5.18,5.21,5.17,5.11,171787.05,-0.01,-0.19,5.19,5.231,5.24,136365.71,157949.42,235572.09
2018-05-17,5.24,5.29,5.18,5.17,115577.62,-0.09,-1.71,5.192,5.23,5.254,139373.69,154355.87,293662.63
2018-05-16,5.16,5.34,5.27,5.14,224017.52,0.1,1.93,5.216,5.231,5.264,144587.73,160035.18,288874.36
2018-05-15,5.16,5.19,5.17,5.12,85957.73,0.01,0.19,5.23,5.234,5.245,135520.32,153958.42,290598.69
2018-05-14,5.18,5.2,5.16,5.14,84488.63,-0.02,-0.39,5.258,5.244,5.222,156351.85,165638.93,293227.99
2018-05-11,5.29,5.33,5.18,5.18,186826.95,-0.12,-2.26,5.272,5.251,5.196,179533.12,183513.72,302335.78
2018-05-10,5.35,5.37,5.3,5.26,141647.8,-0.04,-0.75,5.268,5.274,5.162,169338.04,216019.37,296490.25
2018-05-09,5.3,5.37,5.34,5.28,178680.48,0.03,0.56,5.246,5.258,5.123,175482.63,221580.31,293024.05
2018-05-08,5.22,5.37,5.31,5.2,190115.41,0.08,1.53,5.238,5.232,5.079,172396.52,230929.89,287731.47
2018-05-07,5.16,5.33,5.23,5.13,200394.98,0.07,1.36,5.23,5.221,5.04,174926.0,254015.66,282799.7
2018-05-04,5.2,5.24,5.16,5.15,135851.53,-0.03,-0.58,5.23,5.248,5.007,187494.31,313194.76,275636.67
2018-05-03,5.27,5.28,5.19,5.11,172370.77,-0.11,-2.08,5.28,5.278,4.978,262700.7,432969.39,272552.67
2018-05-02,5.27,5.35,5.3,5.22,163249.91,0.03,0.57,5.27,5.297,4.946,267677.99,417713.54,268941.95
2018-04-27,5.21,5.33,5.27,5.1,202762.8,0.04,0.77,5.226,5.256,4.912,289463.27,427238.97,270821.71
2018-04-26,5.37,5.39,5.23,5.22,263236.53,-0.18,-3.33,5.212,5.2,4.875,333105.33,420817.06,265001.84
2018-04-25,5.08,5.43,5.41,5.06,511883.47,0.27,5.25,5.266,5.141,4.838,438895.22,421157.85,254304.45
2018-04-24,5.08,5.17,5.14,5.07,197257.23,0.06,1.18,5.276,5.05,4.793,603238.08,376961.13,234427.05
2018-04-23,5.25,5.35,5.08,4.99,272176.31,-0.12,-2.31,5.324,4.987,4.765,567749.09,364467.79,233985.64
2018-04-20,5.34,5.45,5.2,5.17,420973.09,-0.3,-5.46,5.286,4.926,4.738,565014.66,344533.04,226242.39
2018-04-19,5.36,5.68,5.5,5.18,792186.0,0.04,0.73,5.188,4.858,4.703,508528.79,311583.73,208658.61
2018-04-18,5.92,5.92,5.46,5.39,1333597.75,0.08,1.49,5.016,4.765,4.653,403420.48,238078.58,174221.51
2018-04-17,5.38,5.38,5.38,5.38,19812.31,0.49,10.02,4.824,4.678,4.607,150684.18,112135.96,117597.03
2017-12-29,4.72,4.91,4.89,4.7,258504.16,0.18,3.82,4.65,4.595,4.575,161186.49,120170.36,122555.27
2017-12-28,4.59,4.73,4.71,4.57,138543.72,0.07,1.51,4.566,4.567,4.573,124051.41,114404.46,112796.98
2017-12-27,4.53,4.8,4.64,4.52,266644.47,0.14,3.11,4.528,4.549,4.578,114638.67,109186.62,109776.67
2017-12-26,4.5,4.5,4.5,4.46,69916.25,-0.01,-0.22,4.514,4.535,4.588,72736.69,87451.06,99801.74
2017-12-25,4.47,4.53,4.51,4.47,72323.83,0.04,0.9,4.532,4.535,4.606,73587.74,91892.96,99420.66
2017-12-22,4.51,4.54,4.47,4.46,72828.8,-0.05,-1.11,4.54,4.542,4.623,79154.23,103503.49,98822.92
2017-12-21,4.57,4.57,4.52,4.45,91480.0,-0.05,-1.09,4.568,4.549,4.642,104757.51,107951.74,99178.04
2017-12-20,4.59,4.61,4.57,4.55,57134.55,-0.02,-0.44,4.57,4.548,4.66,103734.57,105733.5,103142.7
2017-12-19,4.56,4.63,4.59,4.55,74171.5,0.04,0.88,4.556,4.541,4.683,102165.43,110364.43,111405.66
2017-12-18,4.61,4.61,4.55,4.53,100156.29,-0.06,-1.3,4.538,4.536,4.697,110198.19,123058.11,112134.91
2017-12-15,4.51,4.65,4.61,4.5,200845.2,0.08,1.77,4.544,4.555,4.713,127852.76,124940.18,113715.78
2017-12-14,4.5,4.54,4.53,4.49,86365.31,0.03,0.67,4.53,4.578,4.73,111145.97,111189.49,112983.82
2017-12-13,4.48,4.54,4.5,4.48,49288.85,0.0,0.0,4.526,4.607,4.755,107732.42,110366.72,112046.01
2017-12-12,4.57,4.57,4.5,4.49,114335.3,-0.08,-1.75,4.526,4.641,4.782,118563.44,112152.42,112973.08
2017-12-11,4.54,4.71,4.58,4.52,188429.14,0.04,0.88,4.534,4.677,4.809,135918.02,106948.36,112387.36
2017-12-08,4.49,4.54,4.54,4.47,117311.24,0.03,0.67,4.566,4.703,4.835,122027.61,94142.35,107587.08
2017-12-07,4.5,4.56,4.51,4.48,69297.58,0.01,0.22,4.626,4.735,4.862,111233.02,90404.34,107590.58
2017-12-06,4.53,4.53,4.5,4.43,103443.93,-0.04,-0.88,4.688,4.772,4.893,113001.01,100551.91,107799.42
2017-12-05,4.74,4.76,4.54,4.49,201108.23,-0.2,-4.22,4.756,4.825,4.927,105741.39,112446.88,111584.07
2017-12-04,4.83,4.83,4.74,4.74,118977.06,-0.1,-2.07,4.82,4.858,4.956,77978.7,101211.71,105488.11
2017-12-01,4.82,4.84,4.84,4.8,63338.28,0.02,0.41,4.84,4.871,4.973,66257.09,102491.37,103491.0
2017-11-30,4.84,4.86,4.82,4.81,78137.55,-0.02,-0.41,4.844,4.881,4.984,69575.66,114778.15,105620.02
2017-11-29,4.87,4.88,4.84,4.81,67145.85,-0.02,-0.41,4.856,4.903,4.998,88102.81,113725.29,107662.14
2017-11-28,4.84,4.87,4.86,4.83,62294.75,0.02,0.41,4.894,4.922,5.012,119152.37,113793.73,109170.08
2017-11-27,4.86,4.87,4.84,4.82,60369.0,-0.02,-0.41,4.896,4.941,5.025,124444.72,117826.35,112195.5
2017-11-24,4.87,4.91,4.86,4.84,79931.15,-0.02,-0.41,4.902,4.966,5.038,138725.65,121031.8,122814.76
2017-11-23,4.99,5.0,4.88,4.87,170773.28,-0.15,-2.98,4.918,4.989,5.059,159980.64,124776.82,125577.5
2017-11-22,4.87,5.05,5.03,4.83,222393.66,0.16,3.29,4.95,5.014,5.082,139347.78,115046.93,123527.18
2017-11-21,4.87,4.92,4.87,4.84,88756.5,0.0,0.0,4.95,5.028,5.098,108435.1,110721.27,118800.93
2017-11-20,4.91,4.94,4.87,4.8,131773.67,-0.07,-1.42,4.986,5.053,5.12,111207.98,109764.52,124986.56
2017-11-17,5.04,5.04,4.94,4.91,186206.08,-0.1,-1.98,5.03,5.075,5.149,103337.95,104490.63,128691.25
2017-11-16,5.04,5.06,5.04,5.02,67609.0,0.01,0.2,5.06,5.087,5.175,89573.0,96461.89,136291.01
2017-11-15,5.05,5.07,5.03,5.03,67830.25,-0.02,-0.4,5.078,5.092,5.197,90746.07,101598.98,172288.09
2017-11-14,5.07,5.09,5.05,5.04,102620.92,-0.04,-0.79,5.106,5.102,5.21,113007.43,104546.43,181668.6
2017-11-13,5.09,5.1,5.09,5.07,92423.52,0.0,0.0,5.12,5.109,5.221,108321.05,106564.66,183445.06
2017-11-10,5.12,5.12,5.09,5.06,117381.32,-0.04,-0.78,5.12,5.11,5.232,105643.3,124597.72,197028.76
2017-11-09,5.17,5.17,5.13,5.11,73474.33,-0.04,-0.77,5.114,5.129,5.243,103350.78,126378.17,197927.39
2017-11-08,5.11,5.2,5.17,5.08,179137.08,0.05,0.98,5.106,5.149,5.253,112451.89,132007.44,203848.82
2017-11-07,5.09,5.13,5.12,5.08,79188.98,0.03,0.59,5.098,5.167,5.261,96085.43,126880.59,212908.73
2017-11-06,5.02,5.11,5.09,5.02,79034.8,0.03,0.59,5.098,5.187,5.272,104808.26,140208.6,226587.28
2017-11-03,5.06,5.09,5.06,5.03,105918.69,-0.03,-0.59,5.1,5.223,5.275,143552.14,152891.88,228392.04
2017-11-02,5.11,5.12,5.09,5.05,118979.88,-0.04,-0.78,5.144,5.262,5.277,149405.57,176120.13,228081.58
2017-11-01,5.12,5.14,5.13,5.11,97304.8,0.01,0.2,5.192,5.302,5.276,151563.0,242977.2,226610.49
2017-10-31,5.09,5.13,5.12,5.08,122803.15,0.02,0.39,5.236,5.317,5.274,157675.76,258790.77,226555.94
2017-10-30,5.28,5.28,5.1,5.09,272754.19,-0.18,-3.41,5.276,5.332,5.273,175608.94,260325.47,226127.37
2017-10-27,5.32,5.33,5.28,5.27,135185.83,-0.05,-0.94,5.346,5.353,5.275,162231.61,269459.8,217597.43
2017-10-26,5.33,5.34,5.33,5.3,129767.03,-0.02,-0.37,5.38,5.357,5.271,202834.68,269476.6,219195.72
2017-10-25,5.33,5.36,5.35,5.3,127868.59,0.03,0.56,5.412,5.356,5.269,334391.39,275690.21,217249.79
2017-10-24,5.45,5.45,5.32,5.32,212469.05,-0.13,-2.38,5.398,5.355,5.267,359905.79,298936.87,216776.81
2017-10-23,5.43,5.48,5.45,5.39,205867.56,0.0,0.0,5.388,5.356,5.265,345042.0,312965.97,212270.29
2017-10-20,5.45,5.47,5.45,5.36,338201.19,-0.04,-0.73,5.36,5.326,5.258,376687.98,303892.21,207093.17
2017-10-19,5.24,5.63,5.49,5.23,787550.56,0.21,3.98,5.334,5.292,5.25,336118.52,280043.04,195574.78
2017-10-18,5.27,5.43,5.28,5.22,255440.58,0.01,0.19,5.3,5.25,5.242,216989.02,210243.79,162379.62
2017-10-17,5.26,5.31,5.27,5.24,138150.09,-0.04,-0.75,5.312,5.231,5.245,237967.96,194321.11,156703.0
2017-10-16,5.36,5.45,5.31,5.31,364097.47,-0.01,-0.19,5.324,5.214,5.249,280889.94,191929.27,158729.76
2017-10-13,5.32,5.34,5.32,5.28,135353.88,0.0,0.0,5.292,5.197,5.252,231096.44,165735.07,150094.95
2017-10-12,5.3,5.36,5.32,5.26,191903.08,-0.02,-0.38,5.25,5.184,5.253,223967.56,168914.83,156594.99
2017-10-11,5.3,5.42,5.34,5.29,360335.28,0.01,0.19,5.2,5.182,5.25,203498.56,158809.37,154518.63
2017-10-10,5.17,5.39,5.33,5.16,352759.97,0.18,3.5,5.15,5.179,5.248,150674.26,134616.74,144637.31
2017-10-09,5.15,5.19,5.15,5.14,115130.0,0.04,0.78,5.104,5.173,5.248,102968.6,111574.62,143337.86
2017-09-29,5.06,5.15,5.11,5.06,99709.45,0.04,0.79,5.102,5.19,5.252,100373.7,110294.12,142794.65
2017-09-28,5.1,5.11,5.07,5.05,89558.09,-0.02,-0.39,5.118,5.208,5.258,113862.11,111106.53,143187.44
2017-09-27,5.09,5.12,5.09,5.07,96213.79,-0.01,-0.2,5.164,5.233,5.266,114120.17,114515.46,143847.51
2017-09-26,5.15,5.16,5.1,5.06,114231.67,-0.04,-0.78,5.208,5.259,5.273,118559.21,119084.9,144611.44
2017-09-25,5.19,5.21,5.14,5.13,102155.5,-0.05,-0.96,5.242,5.284,5.28,120180.63,125530.26,143223.66
2017-09-22,5.3,5.3,5.19,5.19,167151.5,-0.11,-2.08,5.278,5.307,5.286,120214.55,134454.83,144535.12
2017-09-21,5.29,5.32,5.3,5.27,90848.4,-0.01,-0.19,5.298,5.321,5.288,108350.95,144275.16,141211.45
2017-09-20,5.27,5.33,5.31,5.26,118409.0,0.04,0.76,5.302,5.318,5.283,114910.74,150227.9,141695.78
2017-09-19,5.32,5.33,5.27,5.26,122338.77,-0.05,-0.94,5.31,5.317,5.28,119610.58,154657.89,140205.38
2017-09-18,5.29,5.34,5.32,5.28,102325.07,0.03,0.57,5.326,5.322,5.279,130879.88,175101.1,139336.85
2017-09-15,5.32,5.33,5.29,5.28,107833.53,-0.03,-0.56,5.336,5.313,5.278,148695.1,175295.17,141210.42
2017-09-14,5.35,5.36,5.32,5.3,123647.32,-0.03,-0.56,5.344,5.307,5.275,180199.36,175268.35,141302.09
2017-09-13,5.34,5.36,5.35,5.29,141908.19,0.0,0.0,5.334,5.299,5.274,185545.07,173179.56,146930.47
2017-09-12,5.37,5.4,5.35,5.33,178685.31,-0.02,-0.37,5.324,5.286,5.268,189705.19,170137.98,154368.76
2017-09-11,5.34,5.38,5.37,5.31,191401.16,0.04,0.75,5.318,5.275,5.271,219322.31,160917.06,164913.83
2017-09-08,5.26,5.41,5.33,5.26,265354.81,0.06,1.14,5.29,5.265,5.255,201895.24,154615.42,159677.67
2017-09-07,5.27,5.31,5.27,5.26,150375.88,-0.03,-0.57,5.27,5.255,5.238,170337.34,138147.75,153066.24
2017-09-06,5.3,5.31,5.3,5.25,162708.81,-0.02,-0.38,5.264,5.248,5.226,160814.05,133163.66,151748.47
2017-09-05,5.22,5.43,5.32,5.22,326770.88,0.09,1.72,5.248,5.243,5.215,150570.76,125752.88,150564.18
2017-09-04,5.23,5.25,5.23,5.2,104265.83,0.0,0.0,5.232,5.236,5.202,102511.81,103572.6,139017.51
2017-09-01,5.25,5.27,5.23,5.22,107565.28,-0.01,-0.19,5.24,5.242,5.194,107335.6,107125.66,139321.35
2017-08-31,5.23,5.26,5.24,5.22,102759.43,0.02,0.38,5.24,5.243,5.185,105958.16,107335.83,141612.18
2017-08-30,5.23,5.26,5.22,5.21,111492.4,-0.02,-0.38,5.232,5.248,5.177,105513.27,120681.38,143109.51
2017-08-29,5.28,5.29,5.24,5.23,86476.13,-0.03,-0.57,5.238,5.249,5.169,100934.99,138599.55,144959.96
2017-08-28,5.25,5.31,5.27,5.23,128384.75,0.04,0.77,5.24,5.266,5.165,104633.38,168910.59,145493.88
2017-08-25,5.22,5.25,5.23,5.19,100678.07,0.03,0.58,5.244,5.244,5.16,106915.73,164739.93,143888.63
2017-08-24,5.24,5.26,5.2,5.18,100535.0,-0.05,-0.95,5.246,5.22,5.156,108713.51,167984.73,143525.85
2017-08-23,5.24,5.31,5.25,5.23,88601.0,0.0,0.0,5.264,5.204,5.154,135849.5,170333.29,145552.67
2017-08-22,5.28,5.28,5.25,5.24,104968.08,-0.04,-0.76,5.26,5.187,5.145,176264.1,175375.48,145123.91
2017-08-21,5.26,5.39,5.29,5.25,139796.5,0.05,0.95,5.292,5.168,5.139,233187.8,174462.43,144667.39
2017-08-18,5.27,5.28,5.24,5.23,109666.96,-0.05,-0.94,5.244,5.145,5.132,222564.12,171517.03,145126.0
2017-08-17,5.24,5.37,5.29,5.21,236214.94,0.06,1.15,5.194,5.126,5.126,227255.96,175888.52,144790.98
2017-08-16,5.28,5.32,5.23,5.22,290674.03,-0.18,-3.33,5.144,5.105,5.12,204817.08,165537.64,142141.48
2017-08-15,5.06,5.48,5.41,5.04,389586.59,0.36,7.13,5.114,5.089,5.11,174486.85,151320.38,134302.1
2017-08-14,4.99,5.06,5.05,4.99,86678.09,0.06,1.2,5.044,5.063,5.089,115737.05,122077.16,121323.13
2017-08-11,5.01,5.03,4.99,4.95,133126.14,-0.05,-0.99,5.046,5.075,5.083,120469.93,123037.34,134076.59
2017-08-10,5.08,5.09,5.04,5.02,124020.55,-0.04,-0.79,5.058,5.091,5.1,124521.08,119066.96,134134.68
2017-08-09,5.05,5.12,5.08,5.04,139022.88,0.02,0.4,5.066,5.103,5.12,126258.2,120772.05,134358.02
2017-08-08,5.06,5.07,5.06,5.03,95837.58,0.0,0.0,5.064,5.103,5.134,128153.91,114872.34,135916.97
2017-08-07,5.05,5.07,5.06,5.02,110342.5,0.01,0.2,5.082,5.11,5.153,128417.28,114872.36,137734.12
2017-08-04,5.09,5.1,5.05,5.04,153381.88,-0.03,-0.59,5.104,5.119,5.176,125604.75,118734.98,138171.69
2017-08-03,5.08,5.11,5.08,5.04,132706.16,0.01,0.2,5.124,5.125,5.202,113612.85,113693.43,136817.88
2017-08-02,5.16,5.17,5.07,5.06,148501.41,-0.08,-1.55,5.14,5.134,5.227,115285.91,118745.32,136626.51
2017-08-01,5.15,5.17,5.15,5.14,97154.45,-0.02,-0.39,5.142,5.131,5.254,101590.78,117283.82,134148.37
2017-07-31,5.13,5.17,5.17,5.11,96279.83,0.02,0.39,5.138,5.115,5.276,101327.44,120569.1,133748.86
2017-07-28,5.14,5.2,5.15,5.13,93422.4,-0.01,-0.19,5.134,5.091,5.297,111865.21,145115.83,133774.67
2017-07-27,5.08,5.18,5.16,5.06,141071.45,0.08,1.57,5.126,5.108,5.318,113774.02,149202.4,133990.94
2017-07-26,5.13,5.15,5.08,5.07,80025.75,-0.05,-0.97,5.128,5.136,5.341,122204.74,147943.98,132758.48
2017-07-25,5.13,5.17,5.13,5.08,95837.78,-0.02,-0.39,5.12,5.165,5.366,132976.87,156961.6,134365.87
2017-07-24,5.1,5.24,5.15,5.05,148968.69,0.04,0.78,5.092,5.195,5.39,139810.75,160595.87,136472.01
2017-07-21,5.16,5.17,5.11,5.1,102966.42,-0.06,-1.16,5.048,5.233,5.413,178366.45,157608.41,136288.13
2017-07-20,5.05,5.24,5.17,5.03,183225.06,0.13,2.58,5.09,5.279,5.435,184630.78,159942.33,139856.58
2017-07-19,4.96,5.06,5.04,4.94,133886.38,0.05,1.0,5.144,5.32,5.457,173683.21,154507.69,141417.43
2017-07-18,4.93,5.02,4.99,4.91,130007.22,0.06,1.22,5.21,5.377,5.489,180946.33,151012.91,143652.42
2017-07-17,5.33,5.33,4.93,4.9,341747.19,-0.39,-7.33,5.298,5.436,5.522,181380.99,146928.62,144825.99
2017-07-14,5.42,5.42,5.32,5.32,134288.05,-0.09,-1.66,5.418,5.503,5.558,136850.36,122433.5,135967.15
2017-07-13,5.36,5.44,5.44,5.35,128487.23,0.07,1.3,5.468,5.528,5.573,135253.88,118779.48,135983.69
2017-07-12,5.43,5.46,5.37,5.32,170201.95,-0.06,-1.1,5.496,5.545,5.584,135332.16,117572.98,139838.22
2017-07-11,5.52,5.55,5.43,5.42,132180.53,-0.1,-1.81,5.544,5.566,5.594,121079.49,111770.14,139908.0
2017-07-10,5.57,5.58,5.53,5.52,119094.02,-0.04,-0.72,5.574,5.585,5.606,112476.24,112348.16,141019.75
2017-07-07,5.57,5.58,5.57,5.55,126305.65,-0.01,-0.18,5.588,5.592,5.61,108016.64,114967.86,143215.21
2017-07-06,5.6,5.61,5.58,5.56,128878.67,-0.03,-0.54,5.588,5.591,5.616,102305.08,119770.83,150811.71
2017-07-05,5.59,5.61,5.61,5.57,98938.6,0.03,0.54,5.594,5.593,5.623,99813.8,128327.16,181890.79
2017-07-04,5.59,5.62,5.58,5.57,89164.27,-0.02,-0.36,5.588,5.6,5.619,102460.78,136291.93,188876.46
2017-07-03,5.58,5.62,5.6,5.57,96796.03,0.03,0.54,5.596,5.608,5.611,112220.07,142723.37,190157.22
2017-06-30,5.6,5.6,5.57,5.55,97747.81,-0.04,-0.71,5.596,5.612,5.601,121919.08,149500.8,191547.98
2017-06-29,5.58,5.62,5.61,5.56,116422.27,0.03,0.54,5.594,5.617,5.593,137236.58,153187.9,194379.09
2017-06-28,5.6,5.6,5.58,5.56,112173.52,-0.04,-0.71,5.592,5.622,5.579,156840.53,162103.47,197556.26
2017-06-27,5.6,5.65,5.62,5.58,137960.73,0.02,0.36,5.612,5.622,5.574,170123.08,168045.86,202931.56
2017-06-26,5.58,5.63,5.6,5.54,145291.05,0.04,0.72,5.62,5.626,5.565,173226.67,169691.33,205843.35
2017-06-23,5.6,5.61,5.56,5.48,174335.34,-0.04,-0.71,5.628,5.628,5.56,177082.52,171462.55,212226.71
2017-06-22,5.67,5.7,5.6,5.6,214442.0,-0.08,-1.41,5.64,5.64,5.553,169139.22,181852.59,214949.18
2017-06-21,5.66,5.72,5.68,5.64,178586.28,0.02,0.35,5.652,5.653,5.546,167366.4,235454.41,219570.42
2017-06-20,5.65,5.66,5.66,5.61,153478.7,0.02,0.35,5.632,5.637,5.545,165968.64,241460.99,235213.93
2017-06-19,5.63,5.66,5.64,5.6,164570.28,0.02,0.36,5.632,5.613,5.536,166155.99,237591.07,238427.43
2017-06-16,5.63,5.65,5.62,5.61,134618.84,-0.04,-0.71,5.628,5.59,5.531,165842.58,233595.17,243987.7
2017-06-15,5.57,5.75,5.66,5.57,205577.92,0.08,1.43,5.64,5.568,5.531,194565.96,235570.27,255914.15
2017-06-14,5.66,5.66,5.58,5.58,171597.44,-0.08,-1.41,5.654,5.535,5.533,303542.42,233009.06,264137.31
2017-06-13,5.65,5.68,5.66,5.62,154415.48,0.04,0.71,5.642,5.525,5.537,316953.35,237817.26,272343.39
2017-06-12,5.69,5.69,5.62,5.61,163003.23,-0.06,-1.06,5.594,5.504,5.536,309026.16,241995.36,300788.91
2017-06-09,5.63,5.76,5.68,5.62,278235.72,-0.05,-0.87,5.552,5.492,5.543,301347.75,252990.86,352253.79
2017-06-08,5.7,5.97,5.73,5.69,750460.25,0.21,3.8,5.496,5.466,5.579,276574.59,248045.77,340630.05
2017-06-07,5.42,5.55,5.52,5.4,238652.08,0.1,1.84,5.416,5.439,5.648,162475.69,203686.42,303675.39
2017-06-06,5.41,5.45,5.42,5.38,114779.5,0.01,0.18,5.408,5.452,5.767,158681.16,228966.86,343267.47
2017-06-05,5.43,5.44,5.41,5.38,124611.19,0.01,0.18,5.414,5.459,5.867,174964.56,239263.79,350882.19
2017-06-02,5.32,5.43,5.4,5.26,154369.91,0.07,1.31,5.432,5.472,5.967,204633.97,254380.23,370606.36
2017-06-01,5.49,5.52,5.33,5.33,179965.77,-0.15,-2.74,5.436,5.494,6.054,219516.95,276258.02,376477.08
2017-05-31,5.51,5.6,5.48,5.46,219679.42,0.03,0.55,5.462,5.531,6.152,244897.15,295265.57,380947.26
2017-05-26,5.51,5.53,5.45,5.44,196196.52,-0.05,-0.91,5.496,5.549,6.241,299252.55,306869.52,385215.51
2017-05-25,5.4,5.53,5.5,5.31,272958.25,0.08,1.48,5.504,5.568,6.331,303563.03,359582.47,388545.43
2017-05-24,5.48,5.5,5.42,5.23,228784.81,-0.04,-0.73,5.512,5.594,6.422,304126.48,451516.72,393203.33
2017-05-23,5.61,5.67,5.46,5.44,306866.75,-0.19,-3.36,5.552,5.692,6.526,332999.08,433214.34,402061.58
2017-05-22,5.51,5.7,5.65,5.5,491456.44,0.16,2.91,5.6,5.857,6.627,345633.98,403664.36,415740.91
2017-05-19,5.53,5.56,5.49,5.46,217748.88,-0.05,-0.9,5.602,6.082,6.723,314486.48,457568.08,431272.5
2017-05-18,5.53,5.59,5.54,5.51,275775.53,-0.08,-1.42,5.632,6.274,6.827,415601.91,462500.58,475409.02
2017-05-17,5.69,5.72,5.62,5.56,373147.81,-0.08,-1.4,5.676,6.461,6.905,598906.96,486832.49,479004.47
2017-05-16,5.68,5.73,5.7,5.5,370041.25,0.04,0.71,5.832,6.614,6.98,533429.59,476696.14,480152.33
2017-05-15,5.71,5.76,5.66,5.61,335718.91,0.02,0.35,6.114,6.773,7.05,461694.74,466628.96,496511.41
2017-05-12,5.65,5.92,5.64,5.5,723326.06,-0.12,-2.08,6.562,6.932,7.113,600649.69,463561.5,492594.52
2017-05-11,5.76,5.97,5.76,5.76,1192300.75,-0.64,-10.0,6.916,7.094,7.176,509399.24,417508.4,469213.98
2017-05-10,6.4,6.4,6.4,6.4,45761.0,-0.71,-9.99,7.246,7.25,7.229,374758.02,334889.94,422972.48
2017-05-09,7.11,7.11,7.11,7.11,11367.0,-0.79,-10.0,7.396,7.36,7.251,419962.69,370908.83,432004.16
2016-12-02,7.43,7.91,7.9,7.28,1030493.62,0.49,6.61,7.432,7.397,7.235,471563.18,427817.45,437905.85
2016-12-01,7.42,7.45,7.41,7.34,267073.84,0.0,0.0,7.302,7.363,7.181,326473.32,404976.92,395368.26
2016-11-30,7.12,7.46,7.41,7.11,519094.62,0.26,3.64,7.272,7.38,7.152,325617.56,488317.46,392418.25
2016-11-29,7.31,7.31,7.15,7.14,271784.38,-0.14,-1.92,7.254,7.349,7.122,295021.86,471176.46,379186.55
2016-11-28,7.26,7.38,7.29,7.21,269369.44,0.04,0.55,7.324,7.346,7.107,321854.97,483608.53,379051.39
2016-11-25,7.27,7.31,7.25,7.08,305044.31,-0.01,-0.14,7.362,7.327,7.092,384071.72,526393.86,381364.97
2016-11-24,7.33,7.42,7.26,7.24,262795.03,-0.06,-0.82,7.424,7.293,7.074,483480.52,521627.55,387445.48
2016-11-23,7.51,7.52,7.32,7.31,366116.16,-0.18,-2.4,7.488,7.257,7.054,651017.36,520919.57,386265.32
2016-11-22,7.52,7.59,7.5,7.36,405949.91,0.02,0.27,7.444,7.207,7.031,647331.06,511055.02,379154.67
2016-11-21,7.59,7.63,7.48,7.35,580453.19,-0.08,-1.06,7.368,7.142,6.996,645362.08,493099.5,367381.29
2016-11-18,7.49,7.78,7.56,7.46,802088.31,-0.02,-0.26,7.292,7.073,6.961,668716.0,447994.24,345742.59
2016-11-17,7.09,7.8,7.58,7.08,1100479.25,0.48,6.76,7.162,6.999,6.924,559774.57,385759.6,317188.88
2016-11-16,7.13,7.2,7.1,7.09,347684.62,-0.02,-0.28,7.026,6.923,6.888,390821.77,296519.04,272114.52
2016-11-15,7.09,7.23,7.12,7.07,396105.03,0.02,0.28,6.97,6.895,6.871,374778.98,287196.63,269319.69
2016-11-14,6.91,7.14,7.1,6.9,697222.81,0.19,2.75,6.916,6.868,6.862,340836.92,274494.26,268409.51
2016-11-11,6.9,6.94,6.91,6.87,257381.16,0.01,0.14,6.854,6.856,6.857,227272.48,236336.08,265265.72
2016-11-10,6.86,6.92,6.9,6.84,255715.23,0.08,1.17,6.836,6.854,6.85,211744.63,253263.41,262833.0
2016-11-09,6.87,6.92,6.82,6.74,267470.66,-0.03,-0.44,6.82,6.851,6.843,202216.31,251611.08,261963.81
2016-11-08,6.83,6.88,6.85,6.79,226394.72,0.06,0.88,6.82,6.854,6.839,199614.29,247254.32,266277.6
2016-11-07,6.82,6.82,6.79,6.77,129400.61,-0.03,-0.44,6.82,6.849,6.831,208151.6,241663.09,266636.2
2016-11-04,6.82,6.85,6.82,6.77,179741.92,0.0,0.0,6.858,6.848,6.824,245399.68,243490.95,278723.62
2016-11-03,6.8,6.87,6.82,6.76,208073.62,0.0,0.0,6.872,6.849,6.807,294782.19,248618.16,278102.04
2016-11-02,6.89,6.92,6.82,6.79,254460.56,-0.12,-1.73,6.882,6.853,6.787,301005.86,247710.0,274417.47
2016-10-28,6.96,7.03,6.85,6.85,269081.28,-0.13,-1.86,6.888,6.847,6.763,294894.36,251442.75,272859.81
2016-10-27,6.85,6.99,6.98,6.84,315641.03,0.09,1.31,6.878,6.855,6.749,275174.58,262324.76,268717.84
2016-10-26,6.94,7.05,6.89,6.88,426654.47,0.02,0.29,6.838,6.857,6.728,241582.21,294195.37,261180.0
2016-10-25,6.84,6.89,6.87,6.81,239191.94,0.02,0.29,6.826,6.845,6.711,202454.13,272402.59,252350.89
2016-10-24,6.8,6.87,6.85,6.8,223903.09,0.05,0.73,6.824,6.834,6.699,194414.15,272316.53,262570.05
2016-10-21,6.79,6.82,6.8,6.72,170482.38,0.02,0.29,6.806,6.823,6.692,207991.13,285300.88,274815.59
2016-10-20,6.83,6.85,6.78,6.77,147679.19,-0.05,-0.73,6.832,6.812,6.667,249474.93,291609.31,275287.7
2016-10-19,6.87,6.89,6.83,6.79,231014.03,-0.03,-0.44,6.876,6.799,6.648,346808.52,313956.3,274348.65
2016-10-18,6.78,6.86,6.86,6.76,198992.06,0.1,1.48,6.864,6.765,6.623,342351.06,307585.93,276169.06
2016-10-17,6.95,6.99,6.76,6.74,291788.0,-0.17,-2.45,6.844,6.72,6.61,350218.91,301124.93,276794.7
2016-10-14,6.9,7.02,6.93,6.9,377901.38,-0.07,-1.0,6.84,6.678,6.608,362610.63,294276.88,271733.44
2016-10-13,6.77,7.13,7.0,6.74,634347.12,0.23,3.4,6.792,6.642,6.6,333743.69,275110.92,263296.2
2016-10-12,6.75,6.81,6.77,6.72,208726.73,0.01,0.15,6.722,6.598,6.589,281104.08,228164.64,242260.36
2016-10-11,6.75,6.78,6.76,6.71,238331.31,0.02,0.3,6.666,6.576,6.587,272820.8,232299.19,238005.67
2016-10-10,6.79,6.84,6.74,6.7,353746.59,0.05,0.75,6.596,6.564,6.585,252030.96,252823.57,234649.18
2016-09-30,6.65,6.69,6.69,6.61,233566.69,0.04,0.6,6.516,6.56,6.585,225943.13,264330.31,228268.62
2016-09-29,6.54,6.69,6.65,6.53,371149.09,0.16,2.46,6.492,6.522,6.587,216478.15,258966.1,224402.46
2016-09-28,6.42,6.52,6.49,6.37,167310.3,0.08,1.25,6.474,6.496,6.592,175225.2,234740.99,215551.96
2016-09-27,6.34,6.43,6.41,6.34,134382.11,0.07,1.1,6.486,6.481,6.605,191777.58,244752.19,216833.87
2016-09-26,6.58,6.58,6.34,6.33,223307.44,-0.23,-3.5,6.532,6.499,6.621,253616.19,252464.48,222911.35
2016-09-23,6.56,6.63,6.57,6.53,186241.8,0.01,0.15,6.604,6.537,6.642,302717.49,249190.01,224645.32
2016-09-22,6.61,6.62,6.56,6.55,164884.34,0.01,0.15,6.552,6.557,6.657,301454.05,251481.48,228669.0
2016-09-21,6.6,6.69,6.55,6.5,250072.23,-0.09,-1.35,6.518,6.58,6.669,294256.79,256356.08,237482.14
2016-09-20,6.66,6.73,6.64,6.54,443575.12,-0.06,-0.9,6.476,6.598,6.688,297726.79,243712.15,251542.31
2016-09-19,6.36,6.86,6.7,6.32,468813.94,0.39,6.18,6.466,6.606,6.703,251312.76,216474.78,248839.52
2016-09-14,6.36,6.38,6.31,6.29,179924.61,-0.08,-1.25,6.47,6.609,6.72,195662.54,192206.94,273141.95
2016-09-13,6.39,6.48,6.39,6.35,128898.05,0.05,0.79,6.562,6.651,6.749,201508.91,189838.82,304306.38
2016-09-12,6.48,6.52,6.34,6.32,267422.22,-0.25,-3.79,6.642,6.688,6.763,218455.37,196362.92,323009.3
2016-09-09,6.71,6.74,6.59,6.59,211505.0,-0.13,-1.94,6.72,6.728,6.776,189697.52,188915.55,332959.46
2016-09-08,6.78,6.78,6.72,6.68,190562.8,-0.05,-0.74,6.746,6.743,6.768,181636.8,193358.23,330372.51
2016-09-07,6.81,6.81,6.77,6.73,209156.48,-0.02,-0.29,6.748,6.747,6.752,188751.34,200100.63,331834.99
2016-09-06,6.73,6.79,6.79,6.64,213630.34,0.06,0.89,6.74,6.757,6.736,178168.73,205856.52,331401.44
2016-09-05,6.77,6.77,6.73,6.71,123632.98,0.01,0.15,6.734,6.758,6.72,174270.47,218608.21,332820.91
2016-09-02,6.73,6.76,6.72,6.67,171201.41,-0.01,-0.15,6.736,6.777,6.702,188133.59,259372.47,334337.18
2016-09-01,6.76,6.84,6.73,6.72,226135.5,0.0,0.0,6.74,6.8,6.684,205079.66,281204.26,334246.49
2016-08-31,6.76,6.79,6.73,6.68,156243.41,-0.03,-0.44,6.746,6.83,6.668,211449.91,354076.96,329681.16
2016-08-30,6.77,6.83,6.76,6.74,194139.06,0.02,0.3,6.774,6.847,6.653,233544.31,418773.95,329981.28
2016-08-29,6.78,6.79,6.74,6.71,192948.55,0.0,0.0,6.782,6.838,6.637,262945.95,449655.69,328316.64
2016-08-26,6.78,6.88,6.74,6.7,255931.77,-0.02,-0.3,6.818,6.824,6.62,330611.36,477003.37,335203.67
2016-08-25,6.81,6.84,6.76,6.66,257986.78,-0.11,-1.6,6.86,6.793,6.612,357328.87,467386.78,351744.85
2016-08-24,6.83,6.95,6.87,6.81,266715.38,0.07,1.03,6.914,6.757,6.594,496704.0,463569.36,354269.25
2016-08-23,6.9,6.95,6.8,6.75,341147.25,-0.12,-1.73,6.92,6.714,6.568,604003.59,456946.36,372110.49
2016-08-22,6.99,7.24,6.92,6.91,531275.62,-0.03,-0.43,6.894,6.681,6.565,636365.42,447033.61,383312.81
2016-08-19,7.03,7.08,6.95,6.88,389519.31,-0.08,-1.14,6.83,6.627,6.55,623395.39,409301.89,380346.31
2016-08-18,6.86,7.29,7.03,6.83,954862.44,0.13,1.88,6.726,6.568,6.537,577444.7,387288.71,408712.82
2016-08-17,6.65,6.99,6.9,6.62,803213.31,0.23,3.45,6.6,6.506,6.509,430434.71,305285.37,379790.04
2016-08-16,6.6,6.73,6.67,6.54,502956.44,0.07,1.06,6.508,6.458,6.486,309889.14,241188.61,348415.57
2016-08-15,6.43,6.68,6.6,6.41,466425.44,0.17,2.64,6.468,6.435,6.474,257701.79,206977.6,335058.58
2016-08-12,6.38,6.43,6.43,6.35,159765.86,0.03,0.47,6.424,6.415,6.469,195208.39,193403.97,319727.34
2016-08-11,6.42,6.49,6.4,6.38,219812.5,-0.04,-0.62,6.41,6.43,6.473,197132.73,236102.92,323471.45
2016-08-10,6.47,6.54,6.44,6.4,200485.47,-0.03,-0.46,6.412,6.43,6.481,180136.03,244969.15,327544.74
2016-08-09,6.39,6.53,6.47,6.39,242019.66,0.09,1.41,6.408,6.422,6.488,172488.08,287274.62,339713.92
2016-08-08,6.37,6.39,6.38,6.28,153958.45,0.02,0.31,6.402,6.449,6.495,156253.42,319592.01,360522.96
2016-08-05,6.42,6.42,6.36,6.35,169387.55,-0.05,-0.78,6.406,6.472,6.501,191599.54,351390.73,385852.8
2016-08-04,6.42,6.44,6.41,6.35,134829.03,-0.01,-0.16,6.45,6.505,6.514,275073.12,430136.92,450139.59
2016-08-03,6.42,6.42,6.42,6.36,162245.69,-0.02,-0.31,6.448,6.512,6.52,309802.27,454294.71,478227.29
2016-08-02,6.43,6.45,6.44,6.36,160846.39,0.04,0.62,6.436,6.513,6.496,402061.17,455642.54,483419.0
2016-08-01,6.51,6.59,6.4,6.31,330689.06,-0.18,-2.74,6.496,6.513,6.471,482930.6,463139.56,488446.32
2016-07-29,6.51,6.74,6.58,6.46,586755.44,0.18,2.81,6.538,6.523,6.449,511181.91,446050.71,488893.09
2016-07-28,6.32,6.48,6.4,6.27,308474.75,0.04,0.63,6.56,6.515,6.414,585200.72,410839.98,471861.3
2016-07-27,6.79,6.79,6.36,6.2,623540.19,-0.38,-5.64,6.576,6.531,6.387,598787.15,410120.34,465082.98
2016-07-26,6.65,6.84,6.74,6.65,565193.56,0.13,1.97,6.59,6.554,6.362,509223.91,392153.22,445971.61
2016-07-25,6.68,6.69,6.61,6.55,471945.62,-0.08,-1.2,6.53,6.541,6.32,443348.52,401453.9,436334.12
2016-07-22,6.46,6.78,6.69,6.45,956849.5,0.21,3.24,6.508,6.529,6.275,380919.52,420314.87,422622.79
2016-07-21,6.43,6.62,6.48,6.4,376406.88,0.05,0.78,6.47,6.522,6.223,236479.23,470142.26,385411.89
2016-07-20,6.45,6.52,6.43,6.42,175724.0,-0.01,-0.15,6.486,6.527,6.187,221453.53,502159.88,372674.81
2016-07-19,6.5,6.52,6.44,6.39,235816.61,-0.06,-0.92,6.518,6.478,6.154,275082.52,511195.47,369345.49
2016-07-18,6.46,6.55,6.5,6.46,159800.59,0.0,0.0,6.552,6.429,6.118,359559.29,513753.08,367027.63
2016-07-15,6.57,6.58,6.5,6.48,234648.09,-0.06,-0.92,6.55,6.374,6.083,459710.22,531735.48,365888.51
2016-07-14,6.6,6.65,6.56,6.5,301278.34,-0.03,-0.46,6.574,6.313,6.048,703805.28,532882.63,367914.52
2016-07-13,6.6,6.67,6.59,6.51,443868.97,-0.02,-0.3,6.568,6.242,6.004,782866.23,520045.62,361790.0
2016-07-12,6.49,6.71,6.61,6.44,658200.44,0.12,1.85,6.438,6.17,5.965,747308.41,499790.01,349690.55
2016-07-11,6.58,6.6,6.49,6.43,660555.25,-0.13,-1.96,6.306,6.099,5.918,667946.86,471214.34,322542.39
2016-07-08,6.6,6.87,6.62,6.53,1455123.38,0.09,1.38,6.198,6.021,5.877,603760.73,424930.72,303311.95
2016-07-07,5.94,6.53,6.53,5.94,696583.12,0.59,9.93,6.052,5.923,5.848,361959.98,300681.53,238795.67
2016-07-06,5.93,5.95,5.94,5.88,266079.88,-0.01,-0.17,5.916,5.846,5.826,257225.01,243189.75,210645.41
2016-07-05,5.96,5.98,5.95,5.91,261392.69,0.0,0.0,5.902,5.83,5.835,252271.61,227495.52,205674.18
2016-07-04,5.85,5.98,5.95,5.83,339624.59,0.06,1.02,5.892,5.806,5.845,274481.82,220302.19,203594.78
2016-07-01,5.86,5.98,5.89,5.82,246119.61,0.04,0.68,5.844,5.791,5.854,246100.71,200041.54,198110.06
2016-06-30,5.89,5.93,5.85,5.82,172908.3,-0.02,-0.34,5.794,5.783,5.866,239403.09,202946.41,202027.04
2016-06-29,5.94,5.94,5.87,5.86,241312.84,-0.03,-0.51,5.776,5.766,5.876,229154.48,203534.37,208419.2
2016-06-28,5.67,5.93,5.9,5.66,372443.78,0.19,3.33,5.758,5.76,5.872,202719.43,199591.09,202653.0
2016-06-27,5.61,5.72,5.71,5.6,197719.02,0.07,1.24,5.72,5.736,5.869,166122.55,173870.43,189658.03
2016-06-24,5.78,5.82,5.64,5.5,212631.5,-0.12,-2.08,5.738,5.732,5.88,153982.38,181693.17,186803.33
2016-06-23,5.8,5.83,5.76,5.73,121665.26,-0.02,-0.35,5.772,5.773,5.894,166489.73,176909.8,182472.74
2016-06-22,5.69,5.78,5.78,5.68,109137.58,0.07,1.23,5.756,5.806,5.903,177914.26,178101.07,183195.23
2016-06-21,5.85,5.88,5.71,5.66,189459.38,-0.09,-1.55,5.762,5.84,5.915,196462.74,183852.84,187076.55
2016-06-20,5.86,5.87,5.8,5.73,137018.16,-0.01,-0.17,5.752,5.883,5.927,181618.31,186887.37,186886.68
2016-06-17,5.71,5.98,5.81,5.71,275168.25,0.13,2.29,5.726,5.917,5.936,209403.97,196178.57,192730.78
2016-06-16,5.75,5.82,5.68,5.65,178787.91,-0.13,-2.24,5.774,5.948,6.403,187329.88,201107.67,185021.66
2016-06-15,5.62,5.87,5.81,5.58,201880.02,0.15,2.65,5.856,5.985,6.914,178287.87,213304.04,181993.16
2016-06-14,5.69,5.74,5.66,5.65,115237.22,-0.01,-0.18,5.918,5.983,7.413,171242.94,205714.92,176696.32
2016-06-13,6.0,6.0,5.67,5.65,275946.44,-0.38,-6.28,6.014,6.002,7.901,192156.44,205445.63,178782.47
2016-06-08,6.1,6.1,6.05,6.0,164797.81,-0.04,-0.66,6.108,6.027,8.374,182953.18,191913.5,169923.28
2016-06-07,6.13,6.15,6.09,6.03,133577.88,-0.03,-0.49,6.122,6.014,8.829,214885.46,188035.68,166474.47
2016-06-06,6.18,6.21,6.12,6.08,166655.36,-0.02,-0.33,6.114,5.999,9.276,248320.2,188289.4,164232.75
2016-06-03,6.14,6.18,6.14,6.08,219804.69,0.0,0.0,6.048,5.989,9.734,240186.89,190300.25,163377.2
2016-06-02,6.08,6.17,6.14,6.05,229930.14,0.02,0.33,5.99,5.971,10.237,218734.83,186885.99,160465.59
2016-06-01,6.04,6.24,6.12,6.01,324459.25,0.07,1.16,5.946,5.955,10.775,200873.81,189282.98,158831.39
2016-05-31,5.78,6.07,6.05,5.78,300751.56,0.26,4.49,5.906,6.857,11.29,161185.89,168935.65,149788.19
2016-05-30,5.86,5.89,5.79,5.78,125988.83,-0.06,-1.03,5.884,7.843,11.822,128258.59,150682.27,145116.79
2016-05-27,5.89,5.93,5.85,5.83,112544.37,-0.07,-1.18,5.93,8.843,12.359,140413.6,147677.73,143323.67
2016-05-26,5.92,5.97,5.92,5.8,140625.06,0.0,0.0,5.952,9.8,12.901,155037.16,152119.3,142382.56
2016-05-25,5.98,6.04,5.92,5.91,126019.61,-0.02,-0.34,5.964,10.721,13.44,177692.15,147933.07,141161.16
2016-05-24,6.05,6.06,5.94,5.91,136115.09,-0.08,-1.33,7.808,11.644,13.993,176685.41,144913.26,142289.85
2016-05-23,6.0,6.12,6.02,5.98,186763.88,0.06,1.01,9.802,12.552,14.505,173105.95,140176.1,140148.43
2016-05-20,5.86,6.02,5.96,5.8,185662.14,-0.02,-0.33,11.756,13.479,15.037,154941.86,136454.14,135787.87
2016-05-19,6.03,6.28,5.98,5.92,253900.02,-0.06,-0.99,13.648,14.503,15.557,149201.44,134045.19,132323.84
2016-05-18,15.7,15.8,15.14,14.96,120985.92,-0.77,-4.84,15.478,15.594,16.084,118173.99,128379.8,131922.37
2016-05-17,15.95,16.11,15.91,15.75,118217.81,0.12,0.76,15.48,15.723,16.209,113141.11,130640.73,132473.56
2016-05-16,15.38,15.79,15.79,15.38,95943.41,0.37,2.4,15.302,15.8,16.283,107246.25,139551.3,134837.78
2016-05-13,15.4,15.78,15.42,15.26,156960.05,0.29,1.92,15.202,15.874,16.39,117966.42,138969.6,136701.93
2016-05-12,14.9,15.16,15.13,14.51,98762.78,-0.02,-0.13,15.358,16.001,16.522,118888.94,132645.82,138383.21
2016-05-11,15.2,15.35,15.15,14.96,95821.52,0.13,0.87,15.71,16.159,16.662,138585.6,134389.25,147719.81
2016-05-10,15.29,15.44,15.02,15.0,88743.5,-0.27,-1.77,15.966,16.341,16.801,148140.35,139666.43,158495.55
2016-05-09,16.05,16.1,15.29,15.1,149544.27,-0.91,-5.62,16.298,16.458,16.973,171856.35,140120.75,171619.88
2016-05-06,16.8,16.97,16.2,16.2,161572.61,-0.69,-4.08,16.546,16.594,17.087,159972.78,135121.59,174579.91
2016-05-05,16.29,16.97,16.89,16.18,197246.08,0.46,2.8,16.644,16.611,17.152,146402.71,130602.49,181242.66
2016-05-04,16.47,16.65,16.43,16.38,143595.31,-0.25,-1.5,16.608,16.573,17.215,130192.91,135464.95,186063.7
2016-05-03,15.9,16.7,16.68,15.7,207323.5,0.15,0.91,16.716,16.695,17.284,131192.51,134306.39,196065.81
2016-04-29,16.5,16.83,16.53,16.37,90126.42,-0.16,-0.96,16.618,16.765,17.317,108385.14,130124.25,202715.75
2016-04-28,16.6,16.79,16.69,16.2,93722.25,-0.02,-0.12,16.642,16.906,17.344,110270.4,134434.25,221822.9
2016-04-27,16.91,17.07,16.71,16.61,116197.08,-0.26,-1.53,16.578,17.043,17.381,114802.27,144120.59,251796.56
2016-04-26,16.23,17.05,16.97,16.21,148593.3,0.78,4.82,16.538,17.165,17.391,140736.99,161050.37,276618.47
2016-04-25,16.58,16.58,16.19,16.15,93286.67,-0.46,-2.76,16.674,17.26,17.357,137420.28,177324.67,293152.11
2016-04-22,16.19,16.67,16.65,16.07,99552.71,0.28,1.71,16.912,17.487,17.31,151863.35,203119.0,295406.88
2016-04-21,16.4,16.71,16.37,16.3,116381.59,-0.14,-0.85,17.17,17.579,17.223,158598.1,214038.23,298180.95
2016-04-20,17.73,17.79,16.51,16.05,245870.69,-1.14,-6.46,17.508,17.692,17.167,173438.92,231882.83,299644.05
2016-04-19,17.59,17.78,17.65,17.45,132009.72,0.27,1.55,17.792,17.857,17.102,181363.75,236662.44,297523.48
2016-04-18,17.8,17.8,17.38,17.25,165502.06,-0.56,-3.12,17.846,17.872,16.985,217229.06,257825.22,301488.48
2016-04-15,18.02,18.13,17.94,17.83,133226.45,-0.12,-0.66,18.062,17.869,16.862,254374.65,275307.24,304639.21
2016-04-14,18.02,18.1,18.06,17.68,190585.66,0.13,0.72,17.988,17.781,16.684,269478.36,309211.55,306087.5
2016-04-13,18.05,18.28,17.93,17.93,285494.84,0.01,0.06,17.876,17.718,16.473,290326.74,359472.52,302089.95
2016-04-12,18.5,18.53,17.92,17.51,311336.31,-0.54,-2.92,17.922,17.617,16.279,291961.14,392186.57,293313.28
2016-04-11,17.98,18.68,18.46,17.83,351230.0,0.89,5.07,17.898,17.453,16.089,298421.38,408979.55,285638.94
2016-04-08,17.35,17.81,17.57,17.35,208744.97,0.07,0.4,17.676,17.132,15.845,296239.83,387694.76,273355.76
2016-04-07,18.17,18.21,17.5,17.35,294827.59,-0.66,-3.63,17.574,16.866,15.659,348944.74,382323.67,273269.6
2016-04-06,17.7,18.19,18.16,17.58,293666.81,0.36,2.02,17.56,16.642,15.512,428618.29,367405.28,271094.2
2016-04-05,17.48,18.19,17.8,17.38,343637.53,0.45,2.59,17.312,16.347,15.331,492412.01,358384.52,267419.22
2016-04-01,17.07,17.47,17.35,17.0,340322.25,0.29,1.7,17.008,16.097,15.137,519537.73,345151.73,257062.44
2016-03-31,17.5,17.59,17.06,16.98,472269.5,-0.37,-2.12,16.588,15.855,14.94,479149.69,333971.18,249508.79
2016-03-30,16.5,17.59,17.43,16.31,693195.38,0.51,3.01,16.158,15.587,14.793,415702.6,302963.44,235519.8
2016-03-29,16.3,17.15,16.92,16.11,612635.38,0.64,3.93,15.724,15.228,14.628,306192.27,244707.38,209664.07
2016-03-28,15.35,16.58,16.28,15.34,479266.12,1.03,6.75,15.382,14.941,14.449,224357.03,194439.98,188854.16
2016-03-25,14.83,15.25,15.25,14.83,138382.05,0.34,2.28,15.186,14.725,14.293,170765.74,162298.33,173886.14
2016-03-24,15.06,15.18,14.91,14.9,155034.05,-0.35,-2.29,15.122,14.558,14.24,188792.66,159016.77,174127.12
2016-03-23,15.21,15.35,15.26,15.02,145643.73,0.05,0.33,15.016,14.451,14.217,190224.29,164215.54,177097.1
2016-03-22,15.08,15.66,15.21,15.03,203459.19,-0.09,-0.59,14.732,14.381,14.257,183222.5,174783.13,177798.84
2016-03-21,15.18,15.4,15.3,15.08,211309.69,0.37,2.48,14.5,14.315,14.29,164522.93,176453.91,175683.33
2016-03-18,14.49,15.06,14.93,14.44,228516.66,0.55,3.83,14.264,14.177,14.337,153830.92,168973.14,173352.4
2016-03-17,14.0,14.47,14.38,13.91,162192.19,0.54,3.9,13.994,14.025,14.392,129240.87,165046.4,169498.6
2016-03-16,14.17,14.24,13.84,13.7,110634.78,-0.21,-1.5,13.886,13.998,14.458,138206.79,168076.15,169431.37
2016-03-15,14.07,14.28,14.05,14.0,109961.32,-0.07,-0.5,14.03,14.027,14.558,166343.75,174620.76,171670.13
2016-03-14,13.76,14.38,14.12,13.76,157849.66,0.54,3.98,14.13,13.957,14.64,188384.9,183268.34,174650.53
2016-03-11,13.54,13.75,13.58,13.0,105566.39,-0.26,-1.88,14.09,13.86,14.674,184115.35,185473.96,171849.96
2016-03-10,14.09,14.49,13.84,13.79,207021.81,-0.72,-4.95,14.056,13.922,14.743,200851.94,189237.47,171851.24
2016-03-09,14.21,14.82,14.56,14.06,251319.59,0.01,0.07,14.11,13.983,14.814,197945.51,189978.65,168719.46
2016-03-08,13.97,14.57,14.55,13.42,220167.03,0.63,4.53,14.024,14.133,14.831,182897.76,180814.55,161693.74
2016-03-07,13.56,14.01,13.92,13.56,136501.95,0.51,3.8,13.784,14.264,14.847,178151.79,174912.75,156442.58
2016-03-04,14.01,14.2,13.41,13.12,189249.3,-0.7,-4.96,13.63,14.497,14.867,186832.56,177731.67,154526.87
2016-03-03,14.13,14.65,14.11,14.05,192489.66,-0.02,-0.14,13.788,14.758,14.929,177623.01,173950.79,152628.88
2016-03-02,13.3,14.3,14.13,13.21,176080.86,0.78,5.84,13.856,14.918,14.922,182011.8,170786.6,149670.89
2016-03-01,13.2,13.55,13.35,12.75,196437.17,0.2,1.52,14.242,15.088,14.966,178731.34,168719.51,150649.67
2016-02-29,14.29,14.35,13.15,12.85,179905.81,-1.05,-7.39,14.744,15.322,15.047,171673.71,166032.71,151737.16
2016-02-26,14.68,14.78,14.2,13.92,143201.55,-0.25,-1.73,15.364,15.487,15.188,168630.77,158225.97,149148.28
2016-02-25,16.14,16.14,14.45,14.45,214433.59,-1.61,-10.03,15.728,15.564,15.269,170278.57,154465.0,149065.32
2016-02-24,15.86,16.17,16.06,15.58,159678.59,0.2,1.26,15.98,15.644,15.309,159561.4,147460.28,147355.32
2016-02-23,16.16,16.28,15.86,15.65,161149.02,-0.39,-2.4,15.934,15.529,15.292,158707.68,142572.92,147769.33
2016-02-22,16.48,16.59,16.25,16.07,164691.12,0.23,1.44,15.9,15.429,15.302,160391.71,137972.4,148127.98
2016-02-19,15.63,16.12,16.02,15.53,151440.55,0.31,1.97,15.61,15.236,15.257,147821.16,131322.07,147043.87
2016-02-18,15.88,16.1,15.71,15.7,160847.7,-0.12,-0.76,15.4,15.1,15.206,138651.43,131306.96,148681.86
2016-02-17,15.57,15.88,15.83,15.41,155410.0,0.14,0.89,15.308,14.926,15.215,135359.16,128555.18,149577.63
2016-02-16,14.91,15.85,15.69,14.87,169569.2,0.89,6.01,15.124,14.843,15.183,126438.17,132579.83,149958.74
2016-02-15,14.45,14.97,14.8,14.3,101838.36,-0.17,-1.14,14.958,14.772,15.203,115553.09,137441.61,150748.35
2016-02-05,15.28,15.39,14.97,14.95,105591.88,-0.28,-1.84,14.862,14.889,15.255,114822.98,140070.59,158406.93
2016-02-04,15.08,15.32,15.25,15.0,144386.34,0.34,2.28,14.8,14.973,15.387,123962.5,143665.63,165742.98
2016-02-03,14.7,14.98,14.91,14.58,110805.07,0.05,0.34,14.544,14.974,15.489,121751.2,147250.36,161847.62
2016-02-02,14.45,15.08,14.86,14.32,115143.81,0.54,3.77,14.562,15.055,15.704,138721.49,152965.73,168496.08
2016-02-01,14.64,14.75,14.32,14.16,98187.78,-0.34,-2.32,14.586,15.175,15.895,159330.13,158283.55,179851.89
2016-01-29,13.91,14.88,14.66,13.9,151289.48,0.69,4.94,14.916,15.278,16.169,165318.2,162765.67,189559.34
2016-01-28,14.7,14.96,13.97,13.9,133329.84,-1.03,-6.87,15.146,15.312,16.536,163368.77,166056.76,198988.17
2016-01-27,15.2,15.25,15.0,13.88,195656.55,0.02,0.13,15.404,15.504,16.975,172749.53,170600.08,214718.74
2016-01-26,15.81,16.28,14.98,14.7,218186.98,-0.99,-6.2,15.548,15.522,17.362,167209.97,167337.65,233185.37
2016-01-25,16.14,16.28,15.97,15.73,128128.16,0.16,1.01,15.764,15.634,17.672,157236.98,164055.08,245000.88
2016-01-22,15.58,16.0,15.81,15.12,141542.33,0.55,3.6,15.64,15.621,17.93,160213.14,176743.28,248237.88
2016-01-21,15.5,16.25,15.26,15.26,180233.64,-0.46,-2.93,15.478,15.8,18.172,168744.75,187820.33,248047.85
2016-01-20,15.99,16.18,15.72,15.45,167958.72,-0.34,-2.12,15.604,16.003,18.424,168450.62,176444.87,250987.7
2016-01-19,15.36,16.12,16.06,15.29,168322.05,0.71,4.62,15.496,16.352,18.697,167465.34,184026.44,253069.79
2016-01-18,14.5,15.78,15.35,14.5,143008.98,0.35,2.33,15.504,16.615,18.952,170873.18,201420.23,264645.26
2016-01-15,15.79,16.18,15.0,14.83,184200.34,-0.89,-5.6,15.602,17.06,19.216,193273.41,216353.0,273528.91
2016-01-14,14.53,15.97,15.89,14.39,178763.02,0.71,4.68,16.122,17.76,19.484,206895.9,231919.58,278241.44
2016-01-13,16.36,16.39,15.18,15.18,163032.3,-0.92,-5.71,16.402,18.446,19.699,184439.12,258837.4,279485.74
2016-01-12,15.95,16.41,16.1,15.51,185361.28,0.26,1.64,17.208,19.202,19.929,200587.54,299033.09,279978.97
2016-01-11,17.05,17.34,15.84,15.84,255010.12,-1.76,-10.0,17.726,19.709,20.091,231967.28,325946.68,275988.36
2016-01-08,17.7,18.1,17.6,16.47,252312.8,0.31,1.79,18.518,20.238,20.254,239432.59,319732.48,268458.68
2016-01-07,18.75,18.75,17.29,17.29,66479.08,-1.92,-9.99,19.398,20.543,20.326,256943.25,308275.38,262727.3
2016-01-06,18.92,19.27,19.21,18.3,243774.42,0.52,2.78,20.49,20.845,20.433,333235.68,325530.53,265879.0
2016-01-05,18.7,19.99,18.69,17.9,342259.97,-1.11,-5.61,21.196,21.041,20.418,397478.64,322113.14,260999.39
2016-01-04,22.11,22.21,19.8,19.8,292336.69,-2.2,-10.0,21.692,21.288,20.468,419926.09,327870.29,250225.03
2015-12-31,22.66,23.44,22.0,22.0,339866.09,-0.75,-3.3,21.958,21.371,20.453,400032.37,330704.82,245018.89
2015-12-30,22.66,23.18,22.75,22.12,447941.25,0.01,0.04,21.688,21.208,20.352,359607.51,324563.31,240455.59
2015-12-29,21.4,22.76,22.74,21.05,564989.19,1.57,7.42,21.2,20.952,20.171,317825.38,300134.09,227106.68
2015-12-28,21.15,22.2,21.17,21.1,454497.22,0.04,0.19,20.886,20.655,19.974,246747.65,260924.85,207192.28
2015-12-25,20.55,21.13,21.13,20.46,192868.12,0.48,2.32,20.884,20.473,19.852,235814.49,226030.03,195413.07
2015-12-24,20.3,20.79,20.65,20.03,137741.77,0.34,1.67,20.784,20.269,19.744,261377.27,217184.89,201379.43
2015-12-23,21.07,21.23,20.31,20.31,239030.58,-0.86,-4.06,20.728,20.109,19.73,289519.11,217179.22,209165.07
2015-12-22,21.19,21.29,21.17,20.85,209600.55,0.01,0.05,20.704,20.02,19.764,282442.8,206227.47,215638.63
2015-12-21,20.67,21.52,21.16,20.66,399831.44,0.53,2.57,20.424,19.794,19.723,275102.06,199885.63,214086.48
2015-12-18,20.21,20.88,20.63,19.71,320682.03,0.26,1.28,20.062,19.648,19.685,216245.56,172579.77,207636.32
2015-12-17,20.12,20.68,20.37,20.06,278450.97,0.18,0.89,19.754,19.535,19.683,172992.5,159332.95,211102.81
2015-12-16,19.95,20.25,20.19,19.6,203649.0,0.42,2.12,19.49,19.496,19.69,144839.33,156347.88,208189.43
2015-12-15,19.45,19.98,19.77,19.38,172896.84,0.42,2.17,19.336,19.39,19.678,130012.14,154079.27,213004.21
2015-12-14,18.95,19.35,19.35,18.64,105548.98,0.26,1.36,19.164,19.292,19.734,124669.2,153459.71,228175.8
2015-12-11,19.21,19.5,19.09,19.03,104416.7,0.04,0.21,19.234,19.231,19.785,128913.98,164796.1,234918.61
2015-12-10,19.31,19.45,19.05,18.8,137685.14,-0.37,-1.91,19.316,19.219,19.826,145673.41,185573.97,245187.53
2015-12-09,18.85,19.42,19.42,18.74,129513.02,0.51,2.7,19.502,19.35,19.916,167856.42,201150.91,259966.25
2015-12-08,19.5,19.68,18.91,18.85,146182.16,-0.79,-4.01,19.444,19.508,20.002,178146.4,225049.8,275932.23
2015-12-07,19.55,19.94,19.7,19.55,126772.87,0.2,1.03,19.42,19.652,20.072,182250.22,228287.33,284521.68
2015-12-04,19.7,19.97,19.5,19.3,188213.84,-0.48,-2.4,19.228,19.721,20.113,200678.23,242692.88,297603.47
2015-12-03,19.75,20.47,19.98,19.63,248600.2,0.85,4.44,19.122,19.831,20.148,225474.54,262872.67,305552.5
2015-12-02,18.88,19.38,19.13,17.96,180962.91,0.34,1.81,19.198,19.883,20.145,234445.4,260030.98,313843.84
2015-12-01,18.88,19.26,18.79,18.5,166701.28,0.05,0.27,19.572,19.966,20.202,271953.21,271929.15,324035.53
2015-11-30,18.96,19.18,18.74,17.72,218912.91,-0.23,-1.21,19.884,20.175,20.215,274324.45,302891.88,329177.49
2015-11-27,20.37,20.57,18.97,18.6,312195.38,-1.39,-6.83,20.214,20.338,20.21,284707.53,305041.12,335385.82
2015-11-26,21.33,21.38,20.36,20.32,293454.5,-0.64,-3.05,20.54,20.433,20.249,300270.8,304801.09,338420.15
2015-11-25,20.3,21.2,21.0,20.15,368501.97,0.65,3.19,20.568,20.481,20.249,285616.56,318781.59,344321.01
2015-11-24,20.33,20.41,20.35,19.95,178557.48,-0.04,-0.2,20.36,20.495,20.217,271905.08,326814.65,359564.29
2015-11-23,20.66,21.2,20.39,20.01,270828.31,-0.21,-1.02,20.466,20.492,20.294,331459.32,340756.02,392985.0
2015-11-20,20.4,21.45,20.6,20.39,390011.75,0.1,0.49,20.462,20.505,20.269,325374.71,352514.06,420105.59
2015-11-19,20.2,20.59,20.5,19.95,220183.28,0.54,2.71,20.326,20.465,20.269,309331.37,348232.32,430457.91
2015-11-18,20.68,20.98,19.96,19.86,299944.59,-0.92,-4.41,20.394,20.407,20.181,351946.61,367656.7,451422.22
2015-11-17,20.55,21.48,20.88,20.2,476328.66,0.51,2.5,20.63,20.437,20.034,381724.22,376141.92,461830.8
2015-11-16,19.4,20.58,20.37,19.22,240405.25,0.45,2.26,20.518,20.254,19.921,350052.73,355463.09,458147.01
2015-11-13,20.48,20.67,19.92,19.89,309795.09,-0.92,-4.42,20.548,20.081,19.804,379653.41,365730.52,465809.31
2015-11-12,21.77,21.86,20.84,20.7,433259.47,-0.3,-1.42,20.604,20.064,19.69,387133.27,372039.21,466328.21
2015-11-11,20.27,21.5,21.14,20.2,448832.62,0.82,4.04,20.42,20.016,19.528,383366.79,369860.43,457667.35
2015-11-10,20.34,20.81,20.32,20.0,317971.22,-0.2,-0.97,20.244,19.938,19.322,370559.61,392313.93,448896.93
2015-11-09,19.9,20.65,20.52,19.83,388408.66,0.32,1.58,19.99,20.095,19.185,360873.46,445213.98,452411.71
2015-11-06,20.0,20.45,20.2,19.93,347194.38,0.28,1.41,19.614,20.033,19.018,351807.63,487697.12,450968.81
2015-11-05,20.01,20.26,19.92,19.51,414427.06,-0.34,-1.68,19.524,20.073,18.828,356945.14,512683.49,450268.68
2015-11-04,19.05,20.5,20.26,19.05,384796.75,1.21,6.35,19.612,19.954,18.63,356354.06,535187.74,443820.78
2015-11-03,18.8,19.39,19.05,18.65,269540.44,0.41,2.2,19.632,19.631,18.39,414068.25,547519.68,424947.25
2015-11-02,19.01,19.66,18.64,18.45,343079.53,-1.11,-5.62,20.2,19.587,18.197,529554.5,560830.94,419840.87
2015-10-30,20.2,20.22,19.75,19.6,372881.94,-0.61,-3.0,20.452,19.527,18.022,623586.61,565888.1,414228.41
2015-10-29,20.7,20.89,20.36,19.92,411471.66,0.0,0.0,20.622,19.315,17.819,668421.83,560617.21,409504.08
2015-10-28,21.3,21.62,20.36,20.2,673367.69,-1.53,-6.99,20.296,19.039,17.558,714021.41,545474.27,408000.99
2015-10-27,19.8,21.89,21.89,19.51,846971.69,1.99,10.0,19.63,18.706,17.339,680971.11,505479.92,390261.01
2015-10-26,20.88,20.99,19.9,19.7,813240.06,-0.7,-3.4,18.974,18.275,17.05,592107.37,459609.43,368401.35
2015-10-23,20.6,20.6,20.6,20.1,597058.06,1.87,9.98,18.602,18.003,16.86,508189.6,414240.51,354119.17
2015-10-22,17.35,18.73,18.73,17.34,639469.56,1.7,9.98,18.008,17.583,16.634,452812.58,387853.87,349629.91
2015-10-21,18.61,19.0,17.03,16.75,508116.19,-1.58,-8.49,17.782,17.306,16.428,376927.13,352453.83,330834.83
2015-10-20,17.95,18.76,18.61,17.61,402652.97,0.57,3.16,17.782,17.148,16.29,329988.73,302374.81,326168.26
2015-10-19,17.65,18.3,18.04,17.51,393651.22,0.41,2.33,17.576,16.806,16.086,327111.5,278850.81,322173.4
2015-10-16,17.71,17.96,17.63,17.18,320172.97,0.03,0.17,17.404,16.517,15.846,320291.42,262568.71,317517.9
2015-10-15,16.95,17.63,17.6,16.92,260042.3,0.57,3.35,17.158,16.322,15.693,322895.16,258390.94,317726.24
2015-10-14,17.47,17.48,17.03,17.01,273424.19,-0.55,-3.13,16.83,16.077,15.623,327980.52,270527.71,318319.54
2015-10-13,17.0,17.85,17.58,16.86,388266.81,0.4,2.33,16.514,15.972,15.559,274760.89,275042.11,324444.49
2015-10-12,16.55,17.58,17.18,16.44,359550.81,0.78,4.76,16.036,15.825,15.481,230590.12,277193.26,335862.34
2015-10-09,15.8,16.68,16.4,15.78,333191.69,0.44,2.76,15.63,15.717,15.364,204846.0,293997.83,331756.48
2015-10-08,16.0,16.26,15.96,15.56,285469.12,0.77,5.07,15.486,15.684,15.218,193886.73,311405.95,328448.95
2015-10-07,15.33,15.65,15.45,15.33,7326.0,0.26,1.71,15.324,15.549,15.067,213074.9,309215.83,330065.88
2015-09-30,15.29,15.5,15.19,15.1,167413.0,0.04,0.26,15.43,15.431,14.994,275323.33,349961.72,344799.27
2015-09-29,15.3,15.43,15.15,14.92,230830.17,-0.53,-3.38,15.614,15.366,15.011,323796.4,365495.98,354433.76
2015-09-28,15.28,15.7,15.68,14.7,278395.34,0.53,3.5,15.804,15.174,15.049,383149.66,372467.1,361887.62
2015-09-25,15.9,16.35,15.15,14.9,381410.0,-0.83,-5.19,15.882,15.064,14.995,428925.18,377061.54,365826.12
2015-09-24,16.29,16.48,15.98,15.65,318568.12,-0.13,-0.81,15.774,15.169,14.938,405356.76,366111.37,367825.73
2015-09-23,15.68,16.57,16.11,15.53,409778.38,0.01,0.06,15.432,15.145,14.911,424600.12,373846.87,364914.75
2015-09-22,16.33,16.5,16.1,15.79,527596.44,0.03,0.19,15.118,15.136,14.963,407195.56,394531.42,356394.14
2015-09-21,14.3,16.07,16.07,14.29,507272.97,1.46,9.99,14.544,15.01,15.111,361784.54,369515.13,342024.25
2015-09-18,14.5,14.8,14.61,14.2,263567.91,0.34,2.38,14.246,14.752,15.297,325197.89,345491.95,326160.31
2015-09-17,14.49,15.41,14.27,14.13,414784.88,-0.27,-1.86,14.564,14.585,15.613,326865.98,350915.93,330034.59
2015-09-16,13.3,14.55,14.54,13.3,322755.59,1.31,9.9,14.858,14.556,15.903,323093.62,339636.81,328545.49
2015-09-15,13.9,14.55,13.23,13.12,300541.34,-1.35,-9.26,15.154,14.655,16.291,381867.28,343371.54,324735.56
2015-09-14,16.15,16.28,14.58,14.58,324339.75,-1.62,-10.0,15.476,14.924,16.747,377245.73,351308.14,324302.17
2015-09-11,15.76,16.2,16.2,15.42,271908.34,0.46,2.92,15.258,14.926,17.156,365786.0,354590.71,321542.04
2015-09-10,15.52,16.48,15.74,15.31,395923.09,-0.28,-1.75,14.606,14.706,17.441,374965.89,369540.09,324082.63
2015-09-09,15.1,16.32,16.02,15.02,616623.88,1.18,7.95,14.254,14.676,17.791,356180.0,355982.62,323803.05
2015-09-08,13.4,14.84,14.84,13.28,277433.59,1.35,10.01,14.156,14.789,18.127,304875.81,318256.86,312373.68
2015-09-07,13.33,14.02,13.49,13.32,267041.12,0.55,4.25,14.372,15.211,18.435,325370.54,314533.37,312390.31
2015-09-02,13.0,14.5,12.94,12.72,317807.75,-1.04,-7.44,14.594,15.842,18.76,343395.41,306828.66,309120.03
2015-09-01,15.5,15.5,13.98,13.98,301993.66,-1.55,-9.98,14.806,16.64,19.135,364114.29,309153.25,310792.93
2015-08-31,15.7,15.75,15.53,14.98,360102.91,-0.39,-2.45,15.098,17.249,19.493,355785.25,317454.16,313212.25
2015-08-28,15.01,15.97,15.92,15.0,379907.28,1.32,9.04,15.422,17.926,19.678,331637.91,306099.59,312558.32
2015-08-27,14.55,14.94,14.6,13.53,357165.44,0.6,4.29,16.05,18.569,19.933,303696.19,297296.21,306594.44
2015-08-26,15.45,16.03,14.0,13.9,421402.16,-1.44,-9.33,17.09,19.386,20.291,270261.92,288493.37,307860.82
2015-08-25,15.5,16.09,15.44,15.44,260348.45,-1.71,-9.97,18.474,20.175,20.729,254192.21,278625.18,305814.76
2015-08-24,18.12,18.25,17.15,17.15,239366.2,-1.91,-10.02,19.4,20.905,20.991,279123.07,291623.47,313534.38
2015-08-21,19.6,20.06,19.06,18.68,240198.7,-0.74,-3.74,20.43,21.465,21.245,280561.26,306490.5,322488.62
2015-08-20,20.5,20.87,19.8,19.6,189994.09,-1.12,-5.35,21.088,21.658,21.526,290896.23,310247.25,335834.89
2015-08-19,19.47,21.2,20.92,18.6,341053.59,0.85,4.24,21.682,21.678,21.798,306724.81,311411.39,348026.68
2015-08-18,22.39,22.88,20.07,20.07,385002.78,-2.23,-10.0,21.876,21.629,22.001,303058.15,312432.62,356066.69
2015-08-17,22.36,22.47,22.3,21.58,246557.16,-0.05,-0.22,22.41,21.737,22.22,304123.88,308970.34,373273.91
2015-08-14,23.01,23.47,22.35,22.2,291873.53,-0.42,-1.84,22.5,21.43,22.325,332419.73,319017.05,390822.16
2015-08-13,22.0,22.82,22.77,21.88,269137.0,0.88,4.02,22.228,21.296,22.316,329598.28,315892.68,396661.18
2015-08-12,22.35,23.1,21.89,21.89,322720.28,-0.85,-3.74,21.674,21.195,22.185,316097.97,327228.27,402969.64
2015-08-11,22.5,23.49,22.74,22.38,390331.41,-0.01,-0.04,21.382,21.282,22.06,321807.09,333004.34,420697.04
2015-08-10,21.55,23.09,22.75,21.2,388036.41,1.76,8.38,21.064,21.077,21.95,313816.8,335445.3,401851.09
2015-08-07,20.4,21.2,20.99,20.38,277766.28,0.99,4.95,20.36,21.024,21.746,305614.38,338486.75,382949.64
2015-08-06,19.9,20.5,20.0,19.68,201635.45,-0.43,-2.1,20.364,21.394,21.545,302187.08,361422.53,369900.02
2015-08-05,21.15,21.36,20.43,20.0,351265.88,-0.72,-3.4,20.716,21.917,21.626,338358.57,384641.98,378756.05
2015-08-04,19.25,21.15,21.15,19.25,350380.0,1.92,9.98,21.182,22.373,21.693,344201.6,399700.77,380283.28
2015-08-03,20.11,20.69,19.23,18.91,347024.28,-1.78,-8.47,21.09,22.703,21.725,357073.79,437577.48,382042.3
2015-07-31,21.2,21.88,21.01,20.4,260629.8,-0.75,-3.45,21.688,23.219,21.881,371359.11,462627.27,384230.93
2015-07-30,22.65,23.29,21.76,21.5,382492.91,-1.0,-4.39,22.424,23.335,21.939,420657.98,477429.68,392471.0
2015-07-29,21.58,22.76,22.76,20.18,380481.0,2.07,10.01,23.118,23.174,21.951,430925.38,478711.02,393183.72
2015-07-28,20.18,22.72,20.69,20.0,414740.94,-1.53,-6.89,23.564,22.838,21.889,455199.93,508389.73,394160.85
2015-07-27,23.76,24.58,22.22,22.22,418450.91,-2.47,-10.0,24.316,22.823,21.989,518081.17,468256.89,392445.85
2015-07-24,25.7,26.58,24.69,24.53,507124.12,-0.54,-2.14,24.75,22.468,21.968,553895.42,427412.53,390081.75
2015-07-23,24.8,25.57,25.23,24.31,433829.94,0.24,0.96,24.246,21.696,21.696,534201.38,378377.51,378377.51
2015-07-22,24.4,25.48,24.99,23.58,501853.75,0.54,2.21,23.23,21.303,21.303,526496.65,372216.13,372216.13
2015-07-21,24.39,26.0,24.45,23.8,729147.12,0.06,0.25,22.112,20.843,20.843,561579.52,356011.43,356011.43
2015-07-20,23.0,24.39,24.39,22.59,597522.19,2.22,10.01,21.33,20.327,20.327,418432.61,302706.33,302706.33
2015-07-17,20.6,22.17,22.17,20.34,408653.88,2.02,10.03,20.186,19.65,19.65,300929.63,253570.36,253570.36
2015-07-16,17.7,20.96,20.15,17.7,395306.31,0.75,3.87,19.146,19.146,19.146,222553.65,222553.65,222553.65
2015-07-15,22.58,22.58,19.4,18.8,677268.12,-1.14,-5.55,18.895,18.895,18.895,179365.49,179365.49,179365.49
2015-07-14,20.54,20.54,20.54,20.54,13412.57,1.87,10.02,18.727,18.727,18.727,13397.94,13397.94,13397.94
2015-07-13,18.67,18.67,18.67,18.67,10007.26,1.7,10.02,17.82,17.82,17.82,13390.63,13390.63,13390.63
2015-07-08,16.97,16.97,16.97,16.97,16774.0,-1.89,-10.02,16.97,16.97,16.97,16774.0,16774.0,16774.0
